Layer,Avg_ms,StdDev_ms,Percent
Hilbert Scan,0.027456,0.002196,0.0200
Input Projection,0.027456,0.001373,0.0200
S4D Layer 1,74.241024,0.742410,54.0800
GELU 1,0.137280,0.005491,0.1000
S4D Layer 2,62.654592,0.626546,45.6400
GELU 2,0.151008,0.006040,0.1100
TakeLast+FC+Softmax,0.041184,0.002471,0.0300
Total,137.280000,0,100.0
