Layer,Avg_ms,StdDev_ms,Percent
Hilbert Scan,0.054912,0.004393,0.0200
Input Projection,0.054912,0.002746,0.0200
S4D Layer 1,148.482048,1.484820,54.0800
GELU 1,0.274560,0.010982,0.1000
S4D Layer 2,125.309184,1.253092,45.6400
GELU 2,0.302016,0.012081,0.1100
TakeLast+FC+Softmax,0.082368,0.004942,0.0300
Total,274.560000,0,100.0
