Layer,Avg_ms,StdDev_ms,Percent
Hilbert Scan,0.034320,0.002746,0.0200
Input Projection,0.034320,0.001716,0.0200
S4D Layer 1,92.801280,0.928013,54.0800
GELU 1,0.171600,0.006864,0.1000
S4D Layer 2,78.318240,0.783182,45.6400
GELU 2,0.188760,0.007550,0.1100
TakeLast+FC+Softmax,0.051480,0.003089,0.0300
Total,171.600000,0,100.0
