Layer,Avg_ms,StdDev_ms,Percent
Hilbert Scan,0.137280,0.010982,0.0200
Input Projection,0.137280,0.006864,0.0200
S4D Layer 1,371.205120,3.712051,54.0800
GELU 1,0.686400,0.027456,0.1000
S4D Layer 2,313.272960,3.132730,45.6400
GELU 2,0.755040,0.030202,0.1100
TakeLast+FC+Softmax,0.205920,0.012355,0.0300
Total,686.400000,0,100.0
