Layer,Avg_ms,StdDev_ms,Percent
Hilbert Scan,0.030506,0.002440,0.0200
Input Projection,0.030506,0.001525,0.0200
S4D Layer 1,82.488224,0.824882,54.0800
GELU 1,0.152530,0.006101,0.1000
S4D Layer 2,69.614692,0.696147,45.6400
GELU 2,0.167783,0.006711,0.1100
TakeLast+FC+Softmax,0.045759,0.002746,0.0300
Total,152.530000,0,100.0
