Layer,Avg_ms,StdDev_ms,Percent
Hilbert Scan,0.152587,0.075877,0.0208
Input Projection,0.160632,0.130929,0.0219
S4D Layer 1,396.421296,26.626560,54.0844
GELU 1,0.765221,0.156322,0.1044
S4D Layer 2,334.499931,27.918844,45.6363
GELU 2,0.770211,0.094979,0.1051
TakeLast+FC+Softmax,0.190221,0.031444,0.0260
Total,732.968302,0,100.0
